First Name,Last Name,Age,Email,Address
Dorothy,Anderson,58,dorothy.anderson@demo.net,"571 Maple St, Chicago"
Linda,Jones,21,linda.jones@test.org,"320 Maple St, Los Angeles"
Ashley,Taylor,37,ashley.taylor@demo.net,"748 Spruce Ct, Philadelphia"
Edward,Scott,63,edward.scott@test.org,"363 Spruce Ct, Houston"
Mark,Young,47,mark.young@mail.com,"493 Birch Blvd, San Antonio"
Joshua,Rivera,34,joshua.rivera@test.org,"490 Birch Blvd, San Antonio"
Michelle,Walker,38,michelle.walker@demo.net,"880 Pine Rd, San Antonio"
Charles,Lewis,28,charles.lewis@test.org,"132 Willow Dr, San Diego"
Brian,Jones,44,brian.jones@example.com,"239 Spruce Ct, Houston"
Thomas,Hall,45,thomas.hall@test.org,"311 Cedar Ln, New York"
Karen,Adams,27,karen.adams@test.org,"907 Maple St, Phoenix"
Barbara,Smith,31,barbara.smith@mail.com,"644 Oak Ave, Houston"
Mary,Wilson,26,mary.wilson@test.org,"962 Oak Ave, San Diego"
David,Taylor,49,david.taylor@mail.com,"994 Birch Blvd, Philadelphia"
Jennifer,Johnson,23,jennifer.johnson@mail.com,"251 Willow Dr, Phoenix"
George,Walker,47,george.walker@test.org,"255 Spruce Ct, Phoenix"
Patricia,Lee,59,patricia.lee@demo.net,"739 Maple St, San Diego"
John,Lopez,63,john.lopez@mail.com,"715 Spruce Ct, Phoenix"
Linda,Brown,45,linda.brown@example.com,"210 Willow Dr, Los Angeles"
Michael,Johnson,33,michael.johnson@test.org,"103 Pine Rd, New York"
Paul,Lewis,50,paul.lewis@test.org,"114 Birch Blvd, San Antonio"
Kenneth,Thompson,60,kenneth.thompson@demo.net,"108 Cedar Ln, Chicago"
Ashley,Sanchez,32,ashley.sanchez@example.com,"636 Spruce Ct, San Diego"
William,Jackson,61,william.jackson@mail.com,"184 Spruce Ct, Philadelphia"
Kimberly,Adams,50,kimberly.adams@mail.com,"210 Elm St, Los Angeles"
Donna,Johnson,26,donna.johnson@mail.com,"413 Willow Dr, New York"
Michael,Martinez,31,michael.martinez@demo.net,"902 Elm St, Houston"
Margaret,Walker,67,margaret.walker@demo.net,"333 Cedar Ln, San Diego"
Jennifer,Williams,42,jennifer.williams@mail.com,"266 Elm St, Philadelphia"
Linda,Wilson,36,linda.wilson@test.org,"946 Spruce Ct, Phoenix"
Michael,Thompson,26,michael.thompson@example.com,"561 Spruce Ct, New York"
Robert,Garcia,39,robert.garcia@demo.net,"191 Maple St, New York"
Sarah,Campbell,42,sarah.campbell@mail.com,"315 Cedar Ln, Los Angeles"
Joseph,Flores,26,joseph.flores@mail.com,"619 Pine Rd, Los Angeles"
Melissa,Garcia,69,melissa.garcia@mail.com,"510 Birch Blvd, San Diego"
Michael,Clark,48,michael.clark@example.com,"795 Pine Rd, Phoenix"
Nancy,Clark,68,nancy.clark@test.org,"641 Willow Dr, New York"
Michael,Garcia,35,michael.garcia@example.com,"814 Spruce Ct, Philadelphia"
Robert,White,31,robert.white@test.org,"299 Oak Ave, Phoenix"
Andrew,White,64,andrew.white@mail.com,"148 Birch Blvd, New York"
Matthew,Nelson,35,matthew.nelson@demo.net,"987 Elm St, Philadelphia"
Nancy,Miller,45,nancy.miller@test.org,"201 Willow Dr, Chicago"
Thomas,Lopez,51,thomas.lopez@test.org,"766 Willow Dr, Houston"
Sandra,Wilson,52,sandra.wilson@test.org,"234 Birch Blvd, Houston"
David,Rivera,68,david.rivera@demo.net,"108 Cedar Ln, San Antonio"
Donna,Taylor,49,donna.taylor@demo.net,"575 Cedar Ln, New York"
Edward,Taylor,63,edward.taylor@mail.com,"520 Pine Rd, Phoenix"
Lisa,Hall,40,lisa.hall@demo.net,"816 Maple St, Phoenix"
Sarah,White,70,sarah.white@demo.net,"765 Willow Dr, Philadelphia"
Donna,Perez,40,donna.perez@demo.net,"150 Maple St, Chicago"
Deborah,Perez,68,deborah.perez@demo.net,"968 Elm St, Chicago"
Richard,Jones,52,richard.jones@test.org,"338 Elm St, Houston"
Ashley,Anderson,61,ashley.anderson@demo.net,"131 Pine Rd, Phoenix"
Joseph,Scott,53,joseph.scott@example.com,"564 Oak Ave, New York"
Elizabeth,Thomas,41,elizabeth.thomas@example.com,"442 Birch Blvd, Phoenix"
Matthew,Campbell,30,matthew.campbell@example.com,"919 Pine Rd, San Diego"
Andrew,Davis,66,andrew.davis@test.org,"145 Birch Blvd, Los Angeles"
George,Perez,47,george.perez@test.org,"802 Cedar Ln, San Diego"
David,Clark,61,david.clark@test.org,"365 Birch Blvd, New York"
Joshua,Clark,45,joshua.clark@mail.com,"853 Cedar Ln, Philadelphia"
Donald,Davis,61,donald.davis@example.com,"588 Birch Blvd, New York"
Andrew,Baker,66,andrew.baker@demo.net,"609 Cedar Ln, San Diego"
Jennifer,Campbell,33,jennifer.campbell@mail.com,"661 Oak Ave, Los Angeles"
Christopher,Flores,21,christopher.flores@mail.com,"442 Spruce Ct, Philadelphia"
Robert,Johnson,55,robert.johnson@demo.net,"130 Pine Rd, Philadelphia"
Jennifer,Taylor,56,jennifer.taylor@mail.com,"454 Elm St, New York"
Andrew,White,23,andrew.white@demo.net,"742 Maple St, Chicago"
Mary,Campbell,33,mary.campbell@test.org,"939 Willow Dr, Philadelphia"
Emily,Nelson,39,emily.nelson@test.org,"705 Willow Dr, San Antonio"
Richard,Lopez,59,richard.lopez@mail.com,"465 Maple St, San Diego"
Christopher,Wright,58,christopher.wright@demo.net,"366 Cedar Ln, Phoenix"
Richard,Hernandez,51,richard.hernandez@test.org,"416 Elm St, San Diego"
Michael,Lee,42,michael.lee@mail.com,"693 Birch Blvd, New York"
Mary,Hall,27,mary.hall@demo.net,"412 Elm St, San Diego"
Joseph,White,53,joseph.white@demo.net,"880 Pine Rd, Philadelphia"
John,Mitchell,46,john.mitchell@mail.com,"226 Birch Blvd, Phoenix"
Thomas,Thompson,53,thomas.thompson@test.org,"684 Oak Ave, Philadelphia"
James,Rodriguez,59,james.rodriguez@test.org,"919 Elm St, Chicago"
Daniel,Rodriguez,26,daniel.rodriguez@test.org,"347 Cedar Ln, Los Angeles"
Lisa,Sanchez,21,lisa.sanchez@mail.com,"588 Cedar Ln, Philadelphia"
David,Smith,23,david.smith@example.com,"708 Maple St, Philadelphia"
Richard,Anderson,47,richard.anderson@demo.net,"414 Pine Rd, Philadelphia"
Donald,Baker,63,donald.baker@mail.com,"987 Willow Dr, Phoenix"
Lisa,Green,62,lisa.green@example.com,"839 Cedar Ln, San Antonio"
John,Walker,60,john.walker@test.org,"644 Oak Ave, San Antonio"
Daniel,Young,23,daniel.young@test.org,"957 Oak Ave, Philadelphia"
Betty,Carter,32,betty.carter@demo.net,"340 Maple St, Chicago"
Kimberly,Mitchell,40,kimberly.mitchell@mail.com,"213 Willow Dr, San Antonio"
Joshua,Rivera,63,joshua.rivera@example.com,"492 Birch Blvd, Phoenix"
Charles,Baker,23,charles.baker@mail.com,"999 Pine Rd, San Antonio"
Robert,Green,50,robert.green@demo.net,"678 Elm St, New York"
Melissa,Sanchez,48,melissa.sanchez@test.org,"373 Willow Dr, Philadelphia"
Linda,Green,54,linda.green@mail.com,"171 Pine Rd, Chicago"
David,Martin,37,david.martin@demo.net,"702 Willow Dr, Chicago"
Michael,King,65,michael.king@example.com,"241 Pine Rd, San Diego"
Lisa,Sanchez,68,lisa.sanchez@test.org,"181 Oak Ave, Phoenix"
Charles,Scott,40,charles.scott@mail.com,"914 Oak Ave, San Antonio"
Margaret,Gonzalez,23,margaret.gonzalez@example.com,"674 Willow Dr, Chicago"
Ashley,Nelson,54,ashley.nelson@example.com,"748 Pine Rd, Houston"
Thomas,Miller,65,thomas.miller@demo.net,"693 Elm St, Houston"
